Taken, Percentage, Free
107976, 41, 154168
107976, 41, 154168
107976, 41, 154168
107976, 41, 154168
107976, 41, 154168
107976, 41, 154168
107976, 41, 154168
107976, 41, 154168
107976, 41, 154168
107976, 41, 154168
107976, 41, 154168
107976, 41, 154168
107976, 41, 154168
107976, 41, 154168
107976, 41, 154168
107976, 41, 154168
107976, 41, 154168
107976, 41, 154168
107976, 41, 154168
107976, 41, 154168
107976, 41, 154168
107976, 41, 154168
107976, 41, 154168
107976, 41, 154168
107976, 41, 154168
107976, 41, 154168
107976, 41, 154168
107976, 41, 154168
107976, 41, 154168
107976, 41, 154168
107976, 41, 154168
107976, 41, 154168
107976, 41, 154168
107976, 41, 154168
107976, 41, 154168
107976, 41, 154168
107976, 41, 154168
107976, 41, 154168
107976, 41, 154168
107976, 41, 154168
107976, 41, 154168
107976, 41, 154168
107976, 41, 154168
107976, 41, 154168
107976, 41, 154168
107976, 41, 154168
107976, 41, 154168
107976, 41, 154168
107976, 41, 154168
107976, 41, 154168
107976, 41, 154168
107976, 41, 154168
107976, 41, 154168
107976, 41, 154168
107976, 41, 154168
107976, 41, 154168
107976, 41, 154168
107976, 41, 154168
107976, 41, 154168
107976, 41, 154168
107976, 41, 154168
107976, 41, 154168
107976, 41, 154168
107976, 41, 154168
107976, 41, 154168
107976, 41, 154168
107976, 41, 154168
107976, 41, 154168
107976, 41, 154168
107976, 41, 154168
107976, 41, 154168
107976, 41, 154168
107976, 41, 154168
107976, 41, 154168
107976, 41, 154168
107976, 41, 154168
107976, 41, 154168
107976, 41, 154168
107976, 41, 154168
107976, 41, 154168
107976, 41, 154168
107976, 41, 154168
107976, 41, 154168
107976, 41, 154168
107976, 41, 154168
107976, 41, 154168
107976, 41, 154168
107976, 41, 154168
107976, 41, 154168
107976, 41, 154168
107976, 41, 154168
107976, 41, 154168
107976, 41, 154168
107976, 41, 154168
107976, 41, 154168
107976, 41, 154168
107976, 41, 154168
107976, 41, 154168
107976, 41, 154168
107976, 41, 154168
107976, 41, 154168
107976, 41, 154168
107976, 41, 154168
107976, 41, 154168
107976, 41, 154168
107976, 41, 154168
107976, 41, 154168
107976, 41, 154168
107976, 41, 154168
107976, 41, 154168
107976, 41, 154168
107976, 41, 154168
107976, 41, 154168
107976, 41, 154168
107976, 41, 154168
107976, 41, 154168
107976, 41, 154168
107976, 41, 154168
107976, 41, 154168
107976, 41, 154168
107976, 41, 154168
107976, 41, 154168
107976, 41, 154168
107976, 41, 154168
107976, 41, 154168
107976, 41, 154168
107976, 41, 154168
107976, 41, 154168
107976, 41, 154168
107976, 41, 154168
107976, 41, 154168
107976, 41, 154168
107976, 41, 154168
107976, 41, 154168
107976, 41, 154168
107976, 41, 154168
107976, 41, 154168
107976, 41, 154168
107976, 41, 154168
107976, 41, 154168
107976, 41, 154168
107976, 41, 154168
107976, 41, 154168
107976, 41, 154168
107976, 41, 154168
107976, 41, 154168
107976, 41, 154168
107976, 41, 154168
107976, 41, 154168
107976, 41, 154168
107976, 41, 154168
107976, 41, 154168
107976, 41, 154168
107976, 41, 154168
107976, 41, 154168
107976, 41, 154168
107976, 41, 154168
107976, 41, 154168
107976, 41, 154168
107976, 41, 154168
















107976, 41, 154168
107976, 41, 154168
107976, 41, 154168
107976, 41, 154168
107976, 41, 154168
107976, 41, 154168
107976, 41, 154168
107976, 41, 154168
107976, 41, 154168
107976, 41, 154168
107976, 41, 154168
107976, 41, 154168
107976, 41, 154168
107976, 41, 154168
107976, 41, 154168
107976, 41, 154168
107976, 41, 154168
107976, 41, 154168
107976, 41, 154168
107976, 41, 154168
107976, 41, 154168
107976, 41, 154168
107976, 41, 154168
107976, 41, 154168
107976, 41, 154168
107976, 41, 154168
107976, 41, 154168
107976, 41, 154168
107976, 41, 154168
107976, 41, 154168
107976, 41, 154168
107976, 41, 154168
107976, 41, 154168
107976, 41, 154168
107976, 41, 154168
107976, 41, 154168
107976, 41, 154168
107976, 41, 154168
107976, 41, 154168
107976, 41, 154168
107976, 41, 154168
107976, 41, 154168
107976, 41, 154168
107976, 41, 154168
107976, 41, 154168
107976, 41, 154168
107976, 41, 154168
107976, 41, 154168
107976, 41, 154168
107976, 41, 154168
107976, 41, 154168
107976, 41, 154168
107976, 41, 154168
107976, 41, 154168
107976, 41, 154168
107976, 41, 154168
107976, 41, 154168
107976, 41, 154168
107976, 41, 154168
107976, 41, 154168
107976, 41, 154168
107976, 41, 154168
107976, 41, 154168
107976, 41, 154168
107976, 41, 154168
107976, 41, 154168
107976, 41, 154168
107976, 41, 154168
107976, 41, 154168
107976, 41, 154168
107976, 41, 154168
107976, 41, 154168
















107976, 41, 154168
107976, 41, 154168
107976, 41, 154168
107976, 41, 154168
107976, 41, 154168
107976, 41, 154168
107976, 41, 154168
107976, 41, 154168
107976, 41, 154168
107976, 41, 154168
107976, 41, 154168
107976, 41, 154168
107976, 41, 154168
107976, 41, 154168
107976, 41, 154168
107976, 41, 154168
107976, 41, 154168
107976, 41, 154168
107976, 41, 154168
107976, 41, 154168
107976, 41, 154168
107976, 41, 154168
107976, 41, 154168
107976, 41, 154168
107976, 41, 154168
107976, 41, 154168
107976, 41, 154168
107976, 41, 154168
107976, 41, 154168
107976, 41, 154168
107976, 41, 154168
107976, 41, 154168
107976, 41, 154168
107976, 41, 154168
107976, 41, 154168
107976, 41, 154168
107976, 41, 154168
107976, 41, 154168
107976, 41, 154168
107976, 41, 154168
107976, 41, 154168
107976, 41, 154168
107976, 41, 154168
107976, 41, 154168
107976, 41, 154168
107976, 41, 154168
107976, 41, 154168
107976, 41, 154168
107976, 41, 154168
107976, 41, 154168
107976, 41, 154168
107976, 41, 154168
107976, 41, 154168
107976, 41, 154168
107976, 41, 154168
107976, 41, 154168
107976, 41, 154168
107976, 41, 154168
107976, 41, 154168
107976, 41, 154168
107976, 41, 154168
107976, 41, 154168
107976, 41, 154168
107976, 41, 154168
107976, 41, 154168
107976, 41, 154168
107976, 41, 154168
107976, 41, 154168
107976, 41, 154168
107976, 41, 154168
107976, 41, 154168
107976, 41, 154168
















107976, 41, 154168
107976, 41, 154168
107976, 41, 154168
107976, 41, 154168
107976, 41, 154168
107976, 41, 154168
107976, 41, 154168
107976, 41, 154168
107976, 41, 154168
107976, 41, 154168
107976, 41, 154168
107976, 41, 154168
107976, 41, 154168
107976, 41, 154168
107976, 41, 154168
107976, 41, 154168
107976, 41, 154168
107976, 41, 154168
107976, 41, 154168
107976, 41, 154168
107976, 41, 154168
107976, 41, 154168
107976, 41, 154168
107976, 41, 154168
107976, 41, 154168
107976, 41, 154168
107976, 41, 154168
107976, 41, 154168
107976, 41, 154168
107976, 41, 154168
107976, 41, 154168
107976, 41, 154168
107976, 41, 154168
107976, 41, 154168
107976, 41, 154168
107976, 41, 154168
107976, 41, 154168
107976, 41, 154168
107976, 41, 154168
107976, 41, 154168
107976, 41, 154168
107976, 41, 154168
107976, 41, 154168
107976, 41, 154168
107976, 41, 154168
107976, 41, 154168
107976, 41, 154168
107976, 41, 154168
107976, 41, 154168
107976, 41, 154168
107976, 41, 154168
107976, 41, 154168
107976, 41, 154168
107976, 41, 154168
107976, 41, 154168
107976, 41, 154168
107976, 41, 154168
107976, 41, 154168
107976, 41, 154168
107976, 41, 154168
107976, 41, 154168
107976, 41, 154168
107976, 41, 154168
107976, 41, 154168
























